{
  "id": "1740483",
  "name": "om",
  "font_family": "icons",
  "css_prefix_text": "icon-",
  "description": "",
  "glyphs": [
    {
      "icon_id": "520737",
      "name": "account-filling",
      "font_class": "accountfilling",
      "unicode": "e732",
      "unicode_decimal": 59186
    },
    {
      "icon_id": "542909",
      "name": "菜单",
      "font_class": "menulines1188101easyiconnet",
      "unicode": "e61b",
      "unicode_decimal": 58907
    },
    {
      "icon_id": "543965",
      "name": "credit-level",
      "font_class": "creditlevel",
      "unicode": "e735",
      "unicode_decimal": 59189
    },
    {
      "icon_id": "543966",
      "name": "credit-level-filling",
      "font_class": "creditlevelfilling",
      "unicode": "e736",
      "unicode_decimal": 59190
    },
    {
      "icon_id": "568990",
      "name": "通讯录",
      "font_class": "tongxunlu",
      "unicode": "e655",
      "unicode_decimal": 58965
    },
    {
      "icon_id": "588844",
      "name": "账户",
      "font_class": "zhanghu1",
      "unicode": "e624",
      "unicode_decimal": 58916
    },
    {
      "icon_id": "622430",
      "name": "exl",
      "font_class": "exl",
      "unicode": "e73f",
      "unicode_decimal": 59199
    },
    {
      "icon_id": "622431",
      "name": "pdf",
      "font_class": "pdf",
      "unicode": "e740",
      "unicode_decimal": 59200
    },
    {
      "icon_id": "622432",
      "name": "zip",
      "font_class": "zip",
      "unicode": "e741",
      "unicode_decimal": 59201
    },
    {
      "icon_id": "627893",
      "name": "sorting",
      "font_class": "sorting",
      "unicode": "e743",
      "unicode_decimal": 59203
    },
    {
      "icon_id": "648779",
      "name": "人群",
      "font_class": "renqun",
      "unicode": "e622",
      "unicode_decimal": 58914
    },
    {
      "icon_id": "657583",
      "name": "copy",
      "font_class": "copy",
      "unicode": "e744",
      "unicode_decimal": 59204
    },
    {
      "icon_id": "689324",
      "name": "圆点小",
      "font_class": "yuandianxiao",
      "unicode": "e82f",
      "unicode_decimal": 59439
    },
    {
      "icon_id": "710085",
      "name": "save",
      "font_class": "save",
      "unicode": "e747",
      "unicode_decimal": 59207
    },
    {
      "icon_id": "710249",
      "name": " inquiry-template",
      "font_class": "inquirytemplate",
      "unicode": "e749",
      "unicode_decimal": 59209
    },
    {
      "icon_id": "710408",
      "name": "template-default",
      "font_class": "templatedefault",
      "unicode": "e74a",
      "unicode_decimal": 59210
    },
    {
      "icon_id": "743697",
      "name": "分析",
      "font_class": "fenxi",
      "unicode": "e64f",
      "unicode_decimal": 58959
    },
    {
      "icon_id": "856292",
      "name": "libra",
      "font_class": "libra",
      "unicode": "e74c",
      "unicode_decimal": 59212
    },
    {
      "icon_id": "874681",
      "name": "survey",
      "font_class": "survey1",
      "unicode": "e74e",
      "unicode_decimal": 59214
    },
    {
      "icon_id": "911005",
      "name": "weixin",
      "font_class": "weixin",
      "unicode": "e651",
      "unicode_decimal": 58961
    },
    {
      "icon_id": "933540",
      "name": "ship",
      "font_class": "ship",
      "unicode": "e74f",
      "unicode_decimal": 59215
    },
    {
      "icon_id": "1033916",
      "name": "bussiness-card",
      "font_class": "bussinesscard",
      "unicode": "e753",
      "unicode_decimal": 59219
    },
    {
      "icon_id": "1036414",
      "name": "hot",
      "font_class": "hot",
      "unicode": "e756",
      "unicode_decimal": 59222
    },
    {
      "icon_id": "1099498",
      "name": "data",
      "font_class": "data",
      "unicode": "e757",
      "unicode_decimal": 59223
    },
    {
      "icon_id": "1099499",
      "name": "trade",
      "font_class": "trade",
      "unicode": "e758",
      "unicode_decimal": 59224
    },
    {
      "icon_id": "1103888",
      "name": "onepage",
      "font_class": "onepage48",
      "unicode": "e75a",
      "unicode_decimal": 59226
    },
    {
      "icon_id": "1235390",
      "name": "小喇叭",
      "font_class": "xiaolaba",
      "unicode": "e64c",
      "unicode_decimal": 58956
    },
    {
      "icon_id": "1237405",
      "name": "系统管理",
      "font_class": "xitongguanli",
      "unicode": "e60a",
      "unicode_decimal": 58890
    },
    {
      "icon_id": "1389511",
      "name": "signboard",
      "font_class": "signboard",
      "unicode": "e75c",
      "unicode_decimal": 59228
    },
    {
      "icon_id": "1389513",
      "name": "shuffling-banner",
      "font_class": "shuffling-banner",
      "unicode": "e75e",
      "unicode_decimal": 59230
    },
    {
      "icon_id": "1389514",
      "name": "component",
      "font_class": "component",
      "unicode": "e75f",
      "unicode_decimal": 59231
    },
    {
      "icon_id": "1389516",
      "name": "component-filling",
      "font_class": "component-filling",
      "unicode": "e760",
      "unicode_decimal": 59232
    },
    {
      "icon_id": "1389605",
      "name": "color",
      "font_class": "color",
      "unicode": "e761",
      "unicode_decimal": 59233
    },
    {
      "icon_id": "1416446",
      "name": "color-filling",
      "font_class": "color-filling",
      "unicode": "e7cd",
      "unicode_decimal": 59341
    },
    {
      "icon_id": "1421705",
      "name": "知识库",
      "font_class": "zhishiku",
      "unicode": "e605",
      "unicode_decimal": 58885
    },
    {
      "icon_id": "1450549",
      "name": "favorites",
      "font_class": "favorites",
      "unicode": "e7ce",
      "unicode_decimal": 59342
    },
    {
      "icon_id": "1454752",
      "name": "修改密码",
      "font_class": "xiugaimima",
      "unicode": "e66f",
      "unicode_decimal": 58991
    },
    {
      "icon_id": "1460214",
      "name": "发消息",
      "font_class": "faxiaoxi",
      "unicode": "e648",
      "unicode_decimal": 58952
    },
    {
      "icon_id": "1489999",
      "name": "pic-filling",
      "font_class": "pic-filling",
      "unicode": "e802",
      "unicode_decimal": 59394
    },
    {
      "icon_id": "1491901",
      "name": "RFQ",
      "font_class": "RFQ",
      "unicode": "e803",
      "unicode_decimal": 59395
    },
    {
      "icon_id": "1491902",
      "name": "RFQ-filling",
      "font_class": "RFQ-filling",
      "unicode": "e804",
      "unicode_decimal": 59396
    },
    {
      "icon_id": "1519161",
      "name": "original-image",
      "font_class": "originalimage",
      "unicode": "e806",
      "unicode_decimal": 59398
    },
    {
      "icon_id": "1566474",
      "name": "分配",
      "font_class": "fenpei",
      "unicode": "e676",
      "unicode_decimal": 58998
    },
    {
      "icon_id": "1573888",
      "name": "logistic",
      "font_class": "logistic",
      "unicode": "e811",
      "unicode_decimal": 59409
    },
    {
      "icon_id": "1586166",
      "name": "Calculator",
      "font_class": "Calculator",
      "unicode": "e812",
      "unicode_decimal": 59410
    },
    {
      "icon_id": "1619048",
      "name": "上",
      "font_class": "shang-copy",
      "unicode": "e618",
      "unicode_decimal": 58904
    },
    {
      "icon_id": "1650541",
      "name": "问卷",
      "font_class": "wenjuan",
      "unicode": "e733",
      "unicode_decimal": 59187
    },
    {
      "icon_id": "1788708",
      "name": "编辑",
      "font_class": "bianji2",
      "unicode": "e61a",
      "unicode_decimal": 58906
    },
    {
      "icon_id": "1830919",
      "name": "搜索",
      "font_class": "search1",
      "unicode": "e6c2",
      "unicode_decimal": 59074
    },
    {
      "icon_id": "1834394",
      "name": "公告",
      "font_class": "gonggao1-copy",
      "unicode": "e604",
      "unicode_decimal": 58884
    },
    {
      "icon_id": "1929141",
      "name": "电话",
      "font_class": "dianhua1",
      "unicode": "e627",
      "unicode_decimal": 58919
    },
    {
      "icon_id": "1937963",
      "name": "video",
      "font_class": "video",
      "unicode": "e820",
      "unicode_decimal": 59424
    },
    {
      "icon_id": "1979955",
      "name": "earth",
      "font_class": "earth",
      "unicode": "e828",
      "unicode_decimal": 59432
    },
    {
      "icon_id": "1988626",
      "name": "task-management",
      "font_class": "task-management",
      "unicode": "e829",
      "unicode_decimal": 59433
    },
    {
      "icon_id": "1991011",
      "name": "转接",
      "font_class": "zhuanjie",
      "unicode": "e67f",
      "unicode_decimal": 59007
    },
    {
      "icon_id": "1991485",
      "name": "trust",
      "font_class": "trust",
      "unicode": "e82a",
      "unicode_decimal": 59434
    },
    {
      "icon_id": "1998161",
      "name": "留言",
      "font_class": "liuyan",
      "unicode": "e669",
      "unicode_decimal": 58985
    },
    {
      "icon_id": "2010838",
      "name": "必填",
      "font_class": "bitian",
      "unicode": "e70d",
      "unicode_decimal": 59149
    },
    {
      "icon_id": "2093026",
      "name": "password",
      "font_class": "password",
      "unicode": "e82b",
      "unicode_decimal": 59435
    },
    {
      "icon_id": "2237658",
      "name": "更多",
      "font_class": "gengduo",
      "unicode": "e62b",
      "unicode_decimal": 58923
    },
    {
      "icon_id": "2273341",
      "name": "3column",
      "font_class": "column",
      "unicode": "e839",
      "unicode_decimal": 59449
    },
    {
      "icon_id": "2273342",
      "name": "apparel",
      "font_class": "apparel",
      "unicode": "e83a",
      "unicode_decimal": 59450
    },
    {
      "icon_id": "2273344",
      "name": "bags",
      "font_class": "bags",
      "unicode": "e83b",
      "unicode_decimal": 59451
    },
    {
      "icon_id": "2273372",
      "name": "folder",
      "font_class": "folder",
      "unicode": "e83c",
      "unicode_decimal": 59452
    },
    {
      "icon_id": "2273412",
      "name": "4column",
      "font_class": "column1",
      "unicode": "e83d",
      "unicode_decimal": 59453
    },
    {
      "icon_id": "2296492",
      "name": "客户",
      "font_class": "kehu",
      "unicode": "e701",
      "unicode_decimal": 59137
    },
    {
      "icon_id": "2315921",
      "name": "工单",
      "font_class": "gongdan1",
      "unicode": "e629",
      "unicode_decimal": 58921
    },
    {
      "icon_id": "2330402",
      "name": "保存",
      "font_class": "ft-save-b",
      "unicode": "e720",
      "unicode_decimal": 59168
    },
    {
      "icon_id": "2351501",
      "name": "下线",
      "font_class": "xiaxian",
      "unicode": "e66e",
      "unicode_decimal": 58990
    },
    {
      "icon_id": "2357626",
      "name": "code",
      "font_class": "code",
      "unicode": "e842",
      "unicode_decimal": 59458
    },
    {
      "icon_id": "2364342",
      "name": "RFQ-filling",
      "font_class": "RFQ-filling1",
      "unicode": "e843",
      "unicode_decimal": 59459
    },
    {
      "icon_id": "2417061",
      "name": "联系客服",
      "font_class": "lianxikefu",
      "unicode": "e626",
      "unicode_decimal": 58918
    },
    {
      "icon_id": "2470920",
      "name": "任务",
      "font_class": "renwu",
      "unicode": "e615",
      "unicode_decimal": 58901
    },
    {
      "icon_id": "2472670",
      "name": "平台",
      "font_class": "pingtai",
      "unicode": "e689",
      "unicode_decimal": 59017
    },
    {
      "icon_id": "2500318",
      "name": "下拉",
      "font_class": "xiala",
      "unicode": "e6a1",
      "unicode_decimal": 59041
    },
    {
      "icon_id": "2603982",
      "name": "监控",
      "font_class": "0702",
      "unicode": "e60c",
      "unicode_decimal": 58892
    },
    {
      "icon_id": "2670451",
      "name": "customs-clearance",
      "font_class": "customs-clearance",
      "unicode": "e863",
      "unicode_decimal": 59491
    },
    {
      "icon_id": "2689842",
      "name": "系统",
      "font_class": "xitong1",
      "unicode": "e63c",
      "unicode_decimal": 58940
    },
    {
      "icon_id": "2692278",
      "name": "提示",
      "font_class": "tishi",
      "unicode": "e61e",
      "unicode_decimal": 58910
    },
    {
      "icon_id": "2692376",
      "name": "外呼",
      "font_class": "waihu",
      "unicode": "e646",
      "unicode_decimal": 58950
    },
    {
      "icon_id": "2735767",
      "name": "设置",
      "font_class": "shezhi",
      "unicode": "e645",
      "unicode_decimal": 58949
    },
    {
      "icon_id": "2754008",
      "name": "未接电话",
      "font_class": "weijiedianhua",
      "unicode": "e64e",
      "unicode_decimal": 58958
    },
    {
      "icon_id": "2809355",
      "name": "excel",
      "font_class": "excel",
      "unicode": "e71f",
      "unicode_decimal": 59167
    },
    {
      "icon_id": "2843051",
      "name": "编辑",
      "font_class": "bianji1",
      "unicode": "e668",
      "unicode_decimal": 58984
    },
    {
      "icon_id": "2853868",
      "name": "账户",
      "font_class": "zhanghu2",
      "unicode": "e611",
      "unicode_decimal": 58897
    },
    {
      "icon_id": "2877969",
      "name": "账户",
      "font_class": "zhanghu",
      "unicode": "e606",
      "unicode_decimal": 58886
    },
    {
      "icon_id": "2887746",
      "name": "知识库",
      "font_class": "zhishiku1",
      "unicode": "e630",
      "unicode_decimal": 58928
    },
    {
      "icon_id": "2935025",
      "name": "报表管理",
      "font_class": "baobiaoguanli",
      "unicode": "e63d",
      "unicode_decimal": 58941
    },
    {
      "icon_id": "2939826",
      "name": "工作台",
      "font_class": "gongzuotai1",
      "unicode": "e616",
      "unicode_decimal": 58902
    },
    {
      "icon_id": "2954833",
      "name": "good-filling",
      "font_class": "good-filling",
      "unicode": "e866",
      "unicode_decimal": 59494
    },
    {
      "icon_id": "2992748",
      "name": "设置",
      "font_class": "shezhi1",
      "unicode": "e634",
      "unicode_decimal": 58932
    },
    {
      "icon_id": "3065220",
      "name": "历史消息",
      "font_class": "lishixiaoxi1",
      "unicode": "e6c1",
      "unicode_decimal": 59073
    },
    {
      "icon_id": "3090790",
      "name": "任务列表",
      "font_class": "renwuliebiao",
      "unicode": "e636",
      "unicode_decimal": 58934
    },
    {
      "icon_id": "3157450",
      "name": "工单",
      "font_class": "gongdan11",
      "unicode": "e631",
      "unicode_decimal": 58929
    },
    {
      "icon_id": "3326586",
      "name": "编辑",
      "font_class": "bianji",
      "unicode": "e602",
      "unicode_decimal": 58882
    },
    {
      "icon_id": "3419636",
      "name": "移出会议",
      "font_class": "yichuhuiyi",
      "unicode": "e721",
      "unicode_decimal": 59169
    },
    {
      "icon_id": "3457210",
      "name": "提醒",
      "font_class": "tixing",
      "unicode": "e71e",
      "unicode_decimal": 59166
    },
    {
      "icon_id": "3541159",
      "name": "首页",
      "font_class": "shouye",
      "unicode": "e7b8",
      "unicode_decimal": 59320
    },
    {
      "icon_id": "3583597",
      "name": "camera",
      "font_class": "camera",
      "unicode": "e86e",
      "unicode_decimal": 59502
    },
    {
      "icon_id": "3591170",
      "name": "组织",
      "font_class": "zuzhi-copy",
      "unicode": "e601",
      "unicode_decimal": 58881
    },
    {
      "icon_id": "3640199",
      "name": "下载",
      "font_class": "xiazai",
      "unicode": "e62e",
      "unicode_decimal": 58926
    },
    {
      "icon_id": "3676428",
      "name": "系统",
      "font_class": "xitong2",
      "unicode": "e63e",
      "unicode_decimal": 58942
    },
    {
      "icon_id": "3776038",
      "name": "下 拉",
      "font_class": "xiala1",
      "unicode": "e64a",
      "unicode_decimal": 58954
    },
    {
      "icon_id": "3871846",
      "name": "删 除",
      "font_class": "shanchu",
      "unicode": "e64b",
      "unicode_decimal": 58955
    },
    {
      "icon_id": "3899208",
      "name": "64-金币",
      "font_class": "-jinbi",
      "unicode": "e876",
      "unicode_decimal": 59510
    },
    {
      "icon_id": "3904400",
      "name": "客服",
      "font_class": "kefu",
      "unicode": "e654",
      "unicode_decimal": 58964
    },
    {
      "icon_id": "4120398",
      "name": "添加视频和出品图 加号",
      "font_class": "tianjiashipinhechupintujiahao",
      "unicode": "e649",
      "unicode_decimal": 58953
    },
    {
      "icon_id": "4314622",
      "name": "安全检查on",
      "font_class": "anquanjianchaon",
      "unicode": "e62f",
      "unicode_decimal": 58927
    },
    {
      "icon_id": "4349836",
      "name": "浏览器",
      "font_class": "liulanqi",
      "unicode": "e652",
      "unicode_decimal": 58962
    },
    {
      "icon_id": "4511740",
      "name": "示忙",
      "font_class": "shimang",
      "unicode": "ed94",
      "unicode_decimal": 60820
    },
    {
      "icon_id": "4517438",
      "name": "拨打",
      "font_class": "boda",
      "unicode": "e639",
      "unicode_decimal": 58937
    },
    {
      "icon_id": "4550290",
      "name": "保持",
      "font_class": "baochi",
      "unicode": "e61d",
      "unicode_decimal": 58909
    },
    {
      "icon_id": "4609390",
      "name": "系统管理",
      "font_class": "xitongguanli1",
      "unicode": "e910",
      "unicode_decimal": 59664
    },
    {
      "icon_id": "4633463",
      "name": "报表 (2)",
      "font_class": "baobiao1",
      "unicode": "e664",
      "unicode_decimal": 58980
    },
    {
      "icon_id": "4741498",
      "name": "下  拉",
      "font_class": "shouqi1",
      "unicode": "e6bd",
      "unicode_decimal": 59069
    },
    {
      "icon_id": "4781192",
      "name": "挂机",
      "font_class": "guaji",
      "unicode": "e617",
      "unicode_decimal": 58903
    },
    {
      "icon_id": "4880527",
      "name": "静音",
      "font_class": "jingyin",
      "unicode": "e62c",
      "unicode_decimal": 58924
    },
    {
      "icon_id": "4950560",
      "name": "首页-选中",
      "font_class": "index1",
      "unicode": "e603",
      "unicode_decimal": 58883
    },
    {
      "icon_id": "4974261",
      "name": "外呼管理",
      "font_class": "waihuguanli",
      "unicode": "e632",
      "unicode_decimal": 58930
    },
    {
      "icon_id": "5027476",
      "name": "关联",
      "font_class": "guanlian",
      "unicode": "e620",
      "unicode_decimal": 58912
    },
    {
      "icon_id": "5060942",
      "name": "下  拉",
      "font_class": "xiala_down",
      "unicode": "e612",
      "unicode_decimal": 58898
    },
    {
      "icon_id": "5093806",
      "name": "结果统计",
      "font_class": "jieguotongji",
      "unicode": "e63a",
      "unicode_decimal": 58938
    },
    {
      "icon_id": "5112873",
      "name": "客户",
      "font_class": "kehu1",
      "unicode": "e635",
      "unicode_decimal": 58933
    },
    {
      "icon_id": "5189147",
      "name": "子层级",
      "font_class": "zicengji",
      "unicode": "e643",
      "unicode_decimal": 58947
    },
    {
      "icon_id": "5255936",
      "name": "功能介绍",
      "font_class": "gongnengjieshao",
      "unicode": "e7eb",
      "unicode_decimal": 59371
    },
    {
      "icon_id": "5268258",
      "name": "呼出",
      "font_class": "huchu",
      "unicode": "e61f",
      "unicode_decimal": 58911
    },
    {
      "icon_id": "5268259",
      "name": "呼入",
      "font_class": "huru",
      "unicode": "e621",
      "unicode_decimal": 58913
    },
    {
      "icon_id": "5288833",
      "name": "播放",
      "font_class": "bofang",
      "unicode": "e60d",
      "unicode_decimal": 58893
    },
    {
      "icon_id": "5311294",
      "name": "文件夹",
      "font_class": "wenjianjia",
      "unicode": "e60e",
      "unicode_decimal": 58894
    },
    {
      "icon_id": "5387394",
      "name": "文本",
      "font_class": "wenben",
      "unicode": "eac5",
      "unicode_decimal": 60101
    },
    {
      "icon_id": "5389078",
      "name": "添加",
      "font_class": "add1",
      "unicode": "e619",
      "unicode_decimal": 58905
    },
    {
      "icon_id": "5450171",
      "name": "历史",
      "font_class": "lishi",
      "unicode": "e60b",
      "unicode_decimal": 58891
    },
    {
      "icon_id": "5450174",
      "name": "标签",
      "font_class": "biaoqian",
      "unicode": "e62d",
      "unicode_decimal": 58925
    },
    {
      "icon_id": "982364",
      "name": "关闭",
      "font_class": "guanbi",
      "unicode": "e65c",
      "unicode_decimal": 58972
    },
    {
      "icon_id": "5533541",
      "name": "公告",
      "font_class": "gonggao",
      "unicode": "e67b",
      "unicode_decimal": 59003
    },
    {
      "icon_id": "1206520",
      "name": "日历",
      "font_class": "rili",
      "unicode": "e68b",
      "unicode_decimal": 59019
    },
    {
      "icon_id": "5643507",
      "name": "wechat",
      "font_class": "wechat",
      "unicode": "e653",
      "unicode_decimal": 58963
    },
    {
      "icon_id": "1883239",
      "name": "客户",
      "font_class": "customer",
      "unicode": "e623",
      "unicode_decimal": 58915
    },
    {
      "icon_id": "5672412",
      "name": "删除",
      "font_class": "tianjia",
      "unicode": "e637",
      "unicode_decimal": 58935
    },
    {
      "icon_id": "2028211",
      "name": "刷新",
      "font_class": "shuaxin",
      "unicode": "e61c",
      "unicode_decimal": 58908
    },
    {
      "icon_id": "5672639",
      "name": "上",
      "font_class": "shang",
      "unicode": "e638",
      "unicode_decimal": 58936
    },
    {
      "icon_id": "2254826",
      "name": "详情关闭",
      "font_class": "web-icon-",
      "unicode": "e6e4",
      "unicode_decimal": 59108
    },
    {
      "icon_id": "5929000",
      "name": "系统",
      "font_class": "xitong",
      "unicode": "e63f",
      "unicode_decimal": 58943
    },
    {
      "icon_id": "4314349",
      "name": "工单",
      "font_class": "gongdan",
      "unicode": "e613",
      "unicode_decimal": 58899
    },
    {
      "icon_id": "5975572",
      "name": "超级管理",
      "font_class": "fabuguanli",
      "unicode": "e641",
      "unicode_decimal": 58945
    },
    {
      "icon_id": "5168119",
      "name": "电话",
      "font_class": "dianhua",
      "unicode": "e614",
      "unicode_decimal": 58900
    },
    {
      "icon_id": "5975977",
      "name": "工单管理",
      "font_class": "gongdanguanli",
      "unicode": "e642",
      "unicode_decimal": 58946
    },
    {
      "icon_id": "6427802",
      "name": "组织架构",
      "font_class": "ziyuan",
      "unicode": "e608",
      "unicode_decimal": 58888
    },
    {
      "icon_id": "5984081",
      "name": "示闲",
      "font_class": "shixian",
      "unicode": "e644",
      "unicode_decimal": 58948
    },
    {
      "icon_id": "6978137",
      "name": "工作台",
      "font_class": "gongzuotai",
      "unicode": "e633",
      "unicode_decimal": 58931
    },
    {
      "icon_id": "6112610",
      "name": "报表",
      "font_class": "baobiao11",
      "unicode": "e647",
      "unicode_decimal": 58951
    },
    {
      "icon_id": "8923948",
      "name": "全屏",
      "font_class": "-",
      "unicode": "e625",
      "unicode_decimal": 58917
    },
    {
      "icon_id": "6229666",
      "name": "默认",
      "font_class": "moren",
      "unicode": "e64d",
      "unicode_decimal": 58957
    },
    {
      "icon_id": "9674099",
      "name": "报表",
      "font_class": "baobiao",
      "unicode": "e62a",
      "unicode_decimal": 58922
    },
    {
      "icon_id": "6270044",
      "name": "返回",
      "font_class": "fanhui",
      "unicode": "e650",
      "unicode_decimal": 58960
    },
    {
      "icon_id": "10123838",
      "name": "drxx86",
      "font_class": "drxx",
      "unicode": "e628",
      "unicode_decimal": 58920
    },
    {
      "icon_id": "6310153",
      "name": "事件",
      "font_class": "weibiaoti-",
      "unicode": "e656",
      "unicode_decimal": 58966
    },
    {
      "icon_id": "21561",
      "name": "展开",
      "font_class": "zhankai",
      "unicode": "e60f",
      "unicode_decimal": 58895
    },
    {
      "icon_id": "6310181",
      "name": "动作",
      "font_class": "dongzuo",
      "unicode": "e657",
      "unicode_decimal": 58967
    },
    {
      "icon_id": "21562",
      "name": "收起",
      "font_class": "shouqi",
      "unicode": "e610",
      "unicode_decimal": 58896
    },
    {
      "icon_id": "6446008",
      "name": "好友",
      "font_class": "tianchongxing-",
      "unicode": "e658",
      "unicode_decimal": 58968
    },
    {
      "icon_id": "51935",
      "name": "历史消息",
      "font_class": "lishixiaoxi",
      "unicode": "e63b",
      "unicode_decimal": 58939
    },
    {
      "icon_id": "6532814",
      "name": "监控",
      "font_class": "jiankong",
      "unicode": "e659",
      "unicode_decimal": 58969
    },
    {
      "icon_id": "122687",
      "name": "all",
      "font_class": "all",
      "unicode": "e696",
      "unicode_decimal": 59030
    },
    {
      "icon_id": "6618417",
      "name": "账号管理",
      "font_class": "zhanghaoguanli",
      "unicode": "e65a",
      "unicode_decimal": 58970
    },
    {
      "icon_id": "122688",
      "name": "back",
      "font_class": "back",
      "unicode": "e697",
      "unicode_decimal": 59031
    },
    {
      "icon_id": "6808510",
      "name": "Appstore-2",
      "font_class": "Appstore-",
      "unicode": "edd8",
      "unicode_decimal": 60888
    },
    {
      "icon_id": "122689",
      "name": "cart",
      "font_class": "cart",
      "unicode": "e698",
      "unicode_decimal": 59032
    },
    {
      "icon_id": "6864397",
      "name": "好友",
      "font_class": "haoyou",
      "unicode": "e682",
      "unicode_decimal": 59010
    },
    {
      "icon_id": "122690",
      "name": "Category",
      "font_class": "category",
      "unicode": "e699",
      "unicode_decimal": 59033
    },
    {
      "icon_id": "6907833",
      "name": "下线",
      "font_class": "xiaxian1",
      "unicode": "e6d8",
      "unicode_decimal": 59096
    },
    {
      "icon_id": "122691",
      "name": "close",
      "font_class": "close",
      "unicode": "e69a",
      "unicode_decimal": 59034
    },
    {
      "icon_id": "6978124",
      "name": "筛选",
      "font_class": "shaixuan",
      "unicode": "e65b",
      "unicode_decimal": 58971
    },
    {
      "icon_id": "122692",
      "name": "comments",
      "font_class": "comments",
      "unicode": "e69b",
      "unicode_decimal": 59035
    },
    {
      "icon_id": "6986541",
      "name": "黑名单",
      "font_class": "heimingdan",
      "unicode": "e6be",
      "unicode_decimal": 59070
    },
    {
      "icon_id": "122693",
      "name": "cry",
      "font_class": "cry",
      "unicode": "e69c",
      "unicode_decimal": 59036
    },
    {
      "icon_id": "7729489",
      "name": "zhanghaoguanli",
      "font_class": "zhanghaoguanli1",
      "unicode": "e65d",
      "unicode_decimal": 58973
    },
    {
      "icon_id": "122694",
      "name": "delete",
      "font_class": "delete",
      "unicode": "e69d",
      "unicode_decimal": 59037
    },
    {
      "icon_id": "7730140",
      "name": "baobiaoguanli",
      "font_class": "baobiaoguanli1",
      "unicode": "e65e",
      "unicode_decimal": 58974
    },
    {
      "icon_id": "122695",
      "name": "edit",
      "font_class": "edit",
      "unicode": "e69e",
      "unicode_decimal": 59038
    },
    {
      "icon_id": "7823938",
      "name": "zhanghaoguanli (1)",
      "font_class": "zhanghaoguanli2",
      "unicode": "e65f",
      "unicode_decimal": 58975
    },
    {
      "icon_id": "122696",
      "name": "email",
      "font_class": "email",
      "unicode": "e69f",
      "unicode_decimal": 59039
    },
    {
      "icon_id": "10033939",
      "name": "xiaochengxu",
      "font_class": "xiaochengxu",
      "unicode": "e660",
      "unicode_decimal": 58976
    },
    {
      "icon_id": "122697",
      "name": "favorite",
      "font_class": "favorite",
      "unicode": "e6a0",
      "unicode_decimal": 59040
    },
    {
      "icon_id": "10051961",
      "name": "未标题-1",
      "font_class": "weibiaoti-1",
      "unicode": "e661",
      "unicode_decimal": 58977
    },
    {
      "icon_id": "122699",
      "name": "form",
      "font_class": "form",
      "unicode": "e6a2",
      "unicode_decimal": 59042
    },
    {
      "icon_id": "122700",
      "name": "help",
      "font_class": "help",
      "unicode": "e6a3",
      "unicode_decimal": 59043
    },
    {
      "icon_id": "122701",
      "name": "information",
      "font_class": "information",
      "unicode": "e6a4",
      "unicode_decimal": 59044
    },
    {
      "icon_id": "122702",
      "name": "less",
      "font_class": "less",
      "unicode": "e6a5",
      "unicode_decimal": 59045
    },
    {
      "icon_id": "122703",
      "name": "more_unfold",
      "font_class": "moreunfold",
      "unicode": "e6a6",
      "unicode_decimal": 59046
    },
    {
      "icon_id": "122704",
      "name": "more",
      "font_class": "more",
      "unicode": "e6a7",
      "unicode_decimal": 59047
    },
    {
      "icon_id": "122705",
      "name": "pic",
      "font_class": "pic",
      "unicode": "e6a8",
      "unicode_decimal": 59048
    },
    {
      "icon_id": "122706",
      "name": "QRCode",
      "font_class": "qrcode",
      "unicode": "e6a9",
      "unicode_decimal": 59049
    },
    {
      "icon_id": "122707",
      "name": "refresh",
      "font_class": "refresh",
      "unicode": "e6aa",
      "unicode_decimal": 59050
    },
    {
      "icon_id": "122708",
      "name": "RFQ",
      "font_class": "rfq",
      "unicode": "e6ab",
      "unicode_decimal": 59051
    },
    {
      "icon_id": "122709",
      "name": "search",
      "font_class": "search",
      "unicode": "e6ac",
      "unicode_decimal": 59052
    },
    {
      "icon_id": "122710",
      "name": "selected",
      "font_class": "selected",
      "unicode": "e6ad",
      "unicode_decimal": 59053
    },
    {
      "icon_id": "122711",
      "name": "set",
      "font_class": "set",
      "unicode": "e6ae",
      "unicode_decimal": 59054
    },
    {
      "icon_id": "122712",
      "name": "Smile",
      "font_class": "smile",
      "unicode": "e6af",
      "unicode_decimal": 59055
    },
    {
      "icon_id": "122714",
      "name": "success",
      "font_class": "success",
      "unicode": "e6b1",
      "unicode_decimal": 59057
    },
    {
      "icon_id": "122715",
      "name": "survey",
      "font_class": "survey",
      "unicode": "e6b2",
      "unicode_decimal": 59058
    },
    {
      "icon_id": "122716",
      "name": "training",
      "font_class": "training",
      "unicode": "e6b3",
      "unicode_decimal": 59059
    },
    {
      "icon_id": "122717",
      "name": "ViewGallery",
      "font_class": "viewgallery",
      "unicode": "e6b4",
      "unicode_decimal": 59060
    },
    {
      "icon_id": "122718",
      "name": "Viewlist",
      "font_class": "viewlist",
      "unicode": "e6b5",
      "unicode_decimal": 59061
    },
    {
      "icon_id": "122719",
      "name": "warning",
      "font_class": "warning",
      "unicode": "e6b6",
      "unicode_decimal": 59062
    },
    {
      "icon_id": "122720",
      "name": "wrong",
      "font_class": "wrong",
      "unicode": "e6b7",
      "unicode_decimal": 59063
    },
    {
      "icon_id": "122721",
      "name": "account",
      "font_class": "account",
      "unicode": "e6b8",
      "unicode_decimal": 59064
    },
    {
      "icon_id": "122722",
      "name": "add",
      "font_class": "add",
      "unicode": "e6b9",
      "unicode_decimal": 59065
    },
    {
      "icon_id": "122723",
      "name": "atm",
      "font_class": "atm",
      "unicode": "e6ba",
      "unicode_decimal": 59066
    },
    {
      "icon_id": "135538",
      "name": "clock",
      "font_class": "clock",
      "unicode": "e6bb",
      "unicode_decimal": 59067
    },
    {
      "icon_id": "135539",
      "name": "remind",
      "font_class": "remind",
      "unicode": "e6bc",
      "unicode_decimal": 59068
    },
    {
      "icon_id": "146465",
      "name": "calendar",
      "font_class": "calendar",
      "unicode": "e6bf",
      "unicode_decimal": 59071
    },
    {
      "icon_id": "186635",
      "name": "attachment",
      "font_class": "attachment",
      "unicode": "e6c0",
      "unicode_decimal": 59072
    },
    {
      "icon_id": "204017",
      "name": "discount",
      "font_class": "discount",
      "unicode": "e6c5",
      "unicode_decimal": 59077
    },
    {
      "icon_id": "208895",
      "name": "service",
      "font_class": "service",
      "unicode": "e6c7",
      "unicode_decimal": 59079
    },
    {
      "icon_id": "208936",
      "name": "print",
      "font_class": "print",
      "unicode": "e6c9",
      "unicode_decimal": 59081
    },
    {
      "icon_id": "211347",
      "name": "踢出",
      "font_class": "kickout",
      "unicode": "e640",
      "unicode_decimal": 58944
    },
    {
      "icon_id": "211390",
      "name": "box",
      "font_class": "box",
      "unicode": "e6cb",
      "unicode_decimal": 59083
    },
    {
      "icon_id": "211433",
      "name": "process",
      "font_class": "process",
      "unicode": "e6ce",
      "unicode_decimal": 59086
    },
    {
      "icon_id": "212371",
      "name": "beauty",
      "font_class": "beauty",
      "unicode": "e6d2",
      "unicode_decimal": 59090
    },
    {
      "icon_id": "212373",
      "name": "electrical",
      "font_class": "electrical",
      "unicode": "e6d4",
      "unicode_decimal": 59092
    },
    {
      "icon_id": "212376",
      "name": "home",
      "font_class": "home",
      "unicode": "e6d7",
      "unicode_decimal": 59095
    },
    {
      "icon_id": "212397",
      "name": "electronics",
      "font_class": "electronics",
      "unicode": "e6da",
      "unicode_decimal": 59098
    },
    {
      "icon_id": "212398",
      "name": "gifts",
      "font_class": "gifts",
      "unicode": "e6db",
      "unicode_decimal": 59099
    },
    {
      "icon_id": "212502",
      "name": "lights",
      "font_class": "lights",
      "unicode": "e6de",
      "unicode_decimal": 59102
    },
    {
      "icon_id": "212973",
      "name": "sports",
      "font_class": "sports",
      "unicode": "e6e0",
      "unicode_decimal": 59104
    },
    {
      "icon_id": "212999",
      "name": "toys",
      "font_class": "toys",
      "unicode": "e6e1",
      "unicode_decimal": 59105
    },
    {
      "icon_id": "213017",
      "name": "auto",
      "font_class": "auto",
      "unicode": "e6e3",
      "unicode_decimal": 59107
    },
    {
      "icon_id": "213018",
      "name": "jewelry",
      "font_class": "jewelry",
      "unicode": "e6e5",
      "unicode_decimal": 59109
    },
    {
      "icon_id": "221459",
      "name": "trade-assurance",
      "font_class": "trade-assurance",
      "unicode": "e6e6",
      "unicode_decimal": 59110
    },
    {
      "icon_id": "221461",
      "name": "browse",
      "font_class": "browse",
      "unicode": "e6e7",
      "unicode_decimal": 59111
    },
    {
      "icon_id": "221462",
      "name": "rfq-qm",
      "font_class": "rfqqm",
      "unicode": "e6e8",
      "unicode_decimal": 59112
    },
    {
      "icon_id": "221463",
      "name": "rfq-quantity",
      "font_class": "rfqquantity",
      "unicode": "e6e9",
      "unicode_decimal": 59113
    },
    {
      "icon_id": "221782",
      "name": "atm-away",
      "font_class": "atmaway",
      "unicode": "e6ea",
      "unicode_decimal": 59114
    },
    {
      "icon_id": "224984",
      "name": "rfq",
      "font_class": "rfq1",
      "unicode": "e6eb",
      "unicode_decimal": 59115
    },
    {
      "icon_id": "224985",
      "name": "scanning",
      "font_class": "scanning",
      "unicode": "e6ec",
      "unicode_decimal": 59116
    },
    {
      "icon_id": "238494",
      "name": "compare",
      "font_class": "compare",
      "unicode": "e6ee",
      "unicode_decimal": 59118
    },
    {
      "icon_id": "238497",
      "name": "filter",
      "font_class": "filter",
      "unicode": "e6f1",
      "unicode_decimal": 59121
    },
    {
      "icon_id": "238498",
      "name": "pin",
      "font_class": "pin",
      "unicode": "e6f2",
      "unicode_decimal": 59122
    },
    {
      "icon_id": "238499",
      "name": "history",
      "font_class": "history",
      "unicode": "e6f3",
      "unicode_decimal": 59123
    },
    {
      "icon_id": "238500",
      "name": "product-features",
      "font_class": "productfeatures",
      "unicode": "e6f4",
      "unicode_decimal": 59124
    },
    {
      "icon_id": "238501",
      "name": "supplier-features",
      "font_class": "supplierfeatures",
      "unicode": "e6f5",
      "unicode_decimal": 59125
    },
    {
      "icon_id": "238893",
      "name": "similar-product",
      "font_class": "similarproduct",
      "unicode": "e6f6",
      "unicode_decimal": 59126
    },
    {
      "icon_id": "240305",
      "name": "link",
      "font_class": "link",
      "unicode": "e6f7",
      "unicode_decimal": 59127
    },
    {
      "icon_id": "240311",
      "name": "cut",
      "font_class": "cut",
      "unicode": "e6f8",
      "unicode_decimal": 59128
    },
    {
      "icon_id": "240314",
      "name": "nav-list",
      "font_class": "navlist",
      "unicode": "e6fa",
      "unicode_decimal": 59130
    },
    {
      "icon_id": "240315",
      "name": "image-text",
      "font_class": "imagetext",
      "unicode": "e6fb",
      "unicode_decimal": 59131
    },
    {
      "icon_id": "240316",
      "name": "text",
      "font_class": "text",
      "unicode": "e6fc",
      "unicode_decimal": 59132
    },
    {
      "icon_id": "240317",
      "name": "move",
      "font_class": "move",
      "unicode": "e6fd",
      "unicode_decimal": 59133
    },
    {
      "icon_id": "243147",
      "name": "subtract",
      "font_class": "subtract",
      "unicode": "e6fe",
      "unicode_decimal": 59134
    },
    {
      "icon_id": "244729",
      "name": "dollar",
      "font_class": "dollar",
      "unicode": "e702",
      "unicode_decimal": 59138
    },
    {
      "icon_id": "254994",
      "name": "时间",
      "font_class": "shijian",
      "unicode": "e609",
      "unicode_decimal": 58889
    },
    {
      "icon_id": "303179",
      "name": "raw",
      "font_class": "raw",
      "unicode": "e704",
      "unicode_decimal": 59140
    },
    {
      "icon_id": "303209",
      "name": "office",
      "font_class": "office",
      "unicode": "e705",
      "unicode_decimal": 59141
    },
    {
      "icon_id": "303224",
      "name": "agriculture",
      "font_class": "agriculture",
      "unicode": "e707",
      "unicode_decimal": 59143
    },
    {
      "icon_id": "303284",
      "name": "machinery",
      "font_class": "machinery",
      "unicode": "e709",
      "unicode_decimal": 59145
    },
    {
      "icon_id": "321482",
      "name": "assessed-Badge",
      "font_class": "assessedbadge",
      "unicode": "e70a",
      "unicode_decimal": 59146
    },
    {
      "icon_id": "321992",
      "name": "personal-center",
      "font_class": "gerenzhongxin",
      "unicode": "e70b",
      "unicode_decimal": 59147
    },
    {
      "icon_id": "321993",
      "name": "integral",
      "font_class": "jifen",
      "unicode": "e70c",
      "unicode_decimal": 59148
    },
    {
      "icon_id": "323372",
      "name": "operation",
      "font_class": "operation",
      "unicode": "e70e",
      "unicode_decimal": 59150
    },
    {
      "icon_id": "332903",
      "name": "remind",
      "font_class": "remind1",
      "unicode": "e713",
      "unicode_decimal": 59155
    },
    {
      "icon_id": "344978",
      "name": "download",
      "font_class": "icondownload",
      "unicode": "e714",
      "unicode_decimal": 59156
    },
    {
      "icon_id": "364801",
      "name": "map",
      "font_class": "map",
      "unicode": "e715",
      "unicode_decimal": 59157
    },
    {
      "icon_id": "401293",
      "name": "bad",
      "font_class": "bad",
      "unicode": "e716",
      "unicode_decimal": 59158
    },
    {
      "icon_id": "401294",
      "name": "good",
      "font_class": "good",
      "unicode": "e717",
      "unicode_decimal": 59159
    },
    {
      "icon_id": "401307",
      "name": "skip",
      "font_class": "skip",
      "unicode": "e718",
      "unicode_decimal": 59160
    },
    {
      "icon_id": "415771",
      "name": "play",
      "font_class": "iconfontplay2",
      "unicode": "e719",
      "unicode_decimal": 59161
    },
    {
      "icon_id": "424338",
      "name": "stop",
      "font_class": "iconfontstop",
      "unicode": "e71a",
      "unicode_decimal": 59162
    },
    {
      "icon_id": "428474",
      "name": "compass",
      "font_class": "compass",
      "unicode": "e71b",
      "unicode_decimal": 59163
    },
    {
      "icon_id": "428475",
      "name": "security",
      "font_class": "security",
      "unicode": "e71c",
      "unicode_decimal": 59164
    },
    {
      "icon_id": "428864",
      "name": "share",
      "font_class": "share",
      "unicode": "e71d",
      "unicode_decimal": 59165
    },
    {
      "icon_id": "437515",
      "name": "store",
      "font_class": "store",
      "unicode": "e722",
      "unicode_decimal": 59170
    },
    {
      "icon_id": "437516",
      "name": "manage-order",
      "font_class": "manageorder",
      "unicode": "e723",
      "unicode_decimal": 59171
    },
    {
      "icon_id": "437517",
      "name": "rejected-order",
      "font_class": "rejectedorder",
      "unicode": "e724",
      "unicode_decimal": 59172
    },
    {
      "icon_id": "437518",
      "name": "phone",
      "font_class": "phone",
      "unicode": "e725",
      "unicode_decimal": 59173
    },
    {
      "icon_id": "437519",
      "name": "bussiness-man",
      "font_class": "bussinessman",
      "unicode": "e726",
      "unicode_decimal": 59174
    },
    {
      "icon_id": "454728",
      "name": "我的",
      "font_class": "04",
      "unicode": "e607",
      "unicode_decimal": 58887
    },
    {
      "icon_id": "455044",
      "name": "index",
      "font_class": "index",
      "unicode": "e600",
      "unicode_decimal": 58880
    },
    {
      "icon_id": "460122",
      "name": "shoes",
      "font_class": "shoes",
      "unicode": "e728",
      "unicode_decimal": 59176
    },
    {
      "icon_id": "462212",
      "name": "Mobile-phone",
      "font_class": "mobilephone",
      "unicode": "e72a",
      "unicode_decimal": 59178
    },
    {
      "icon_id": "520450",
      "name": "email-filling",
      "font_class": "emailfilling",
      "unicode": "e72d",
      "unicode_decimal": 59181
    },
    {
      "icon_id": "520551",
      "name": "favorites-filling",
      "font_class": "favoritesfilling",
      "unicode": "e730",
      "unicode_decimal": 59184
    }
  ]
}
